{"cameraMode":{"drawMode":0,"name":"Shaded","section":"Shading Mode"},"sceneLighting":false,"audioPlay":false,"sceneViewState":{"m_AlwaysRefresh":false,"showFog":true,"showSkybox":false,"showFlares":true,"showImageEffects":true,"showParticleSystems":true,"showVisualEffectGraphs":true,"m_FxEnabled":true},"in2DMode":false,"pivot":{"x":3.949291706085205,"y":0.7156990766525269,"z":-3.846485137939453},"rotation":{"x":0.44421565532684328,"y":-0.3197537660598755,"z":0.17349329590797425,"w":0.8187745809555054},"size":0.27445632219314577,"orthographic":false}