{"cameraMode":{"drawMode":0,"name":"Shaded","section":"Shading Mode"},"sceneLighting":false,"audioPlay":false,"sceneViewState":{"m_AlwaysRefresh":false,"showFog":true,"showSkybox":false,"showFlares":true,"showImageEffects":true,"showParticleSystems":true,"showVisualEffectGraphs":true,"m_FxEnabled":true},"in2DMode":false,"pivot":{"x":-10.188407897949219,"y":0.03256940841674805,"z":-0.01074075698852539},"rotation":{"x":-0.07664388418197632,"y":-0.7418690323829651,"z":0.08607613295316696,"w":-0.660571813583374},"size":3.2407238483428957,"orthographic":false}