{"cameraMode":{"drawMode":0,"name":"Shaded","section":"Shading Mode"},"sceneLighting":true,"audioPlay":false,"sceneViewState":{"m_AlwaysRefresh":false,"showFog":true,"showSkybox":true,"showFlares":true,"showImageEffects":true,"showParticleSystems":true,"showVisualEffectGraphs":true,"m_FxEnabled":true},"in2DMode":false,"pivot":{"x":2.0385682582855226,"y":-5.638235092163086,"z":0.24095536768436433},"rotation":{"x":0.7065103054046631,"y":-0.04509921744465828,"z":0.04520761966705322,"w":0.7048166394233704},"size":0.8660253882408142,"orthographic":true}