{"cameraMode":{"drawMode":0,"name":"Shaded","section":"Shading Mode"},"sceneLighting":false,"audioPlay":false,"sceneViewState":{"m_AlwaysRefresh":false,"showFog":true,"showSkybox":false,"showFlares":true,"showImageEffects":true,"showParticleSystems":true,"showVisualEffectGraphs":true,"m_FxEnabled":true},"in2DMode":false,"pivot":{"x":-5.480629920959473,"y":3.8248071670532228,"z":0.05735588073730469},"rotation":{"x":0.0026260691229254009,"y":-0.7410206198692322,"z":0.0028966956306248905,"w":0.6714789271354675},"size":9.426692008972168,"orthographic":false}