{"cameraMode":{"drawMode":0,"name":"Shaded","section":"Shading Mode"},"sceneLighting":false,"audioPlay":false,"sceneViewState":{"m_AlwaysRefresh":false,"showFog":true,"showSkybox":false,"showFlares":true,"showImageEffects":true,"showParticleSystems":true,"showVisualEffectGraphs":true,"m_FxEnabled":true},"in2DMode":false,"pivot":{"x":-0.13817226886749268,"y":0.9851173162460327,"z":4.509768962860107},"rotation":{"x":-0.047565024346113208,"y":-0.680630624294281,"z":-0.04436623677611351,"w":0.7297409176826477},"size":0.9861781001091003,"orthographic":false}