{"cameraMode":{"drawMode":0,"name":"Shaded","section":"Shading Mode"},"sceneLighting":true,"audioPlay":false,"sceneViewState":{"showFog":true,"showMaterialUpdate":false,"showSkybox":true,"showFlares":true,"showImageEffects":true,"showParticleSystems":true},"in2DMode":false,"pivot":{"x":9.269941329956055,"y":2.2455482482910158,"z":-9.74228572845459},"rotation":{"x":-0.40196046233177187,"y":0.18791688978672028,"z":-0.084665946662426,"w":-0.8921594619750977},"size":0.8660253882408142,"orthographic":false}