{"cameraMode":{"drawMode":0,"name":"Shaded","section":"Shading Mode"},"sceneLighting":false,"audioPlay":false,"sceneViewState":{"m_AlwaysRefresh":false,"showFog":true,"showSkybox":false,"showFlares":true,"showImageEffects":true,"showParticleSystems":true,"showVisualEffectGraphs":true,"m_FxEnabled":true},"in2DMode":false,"pivot":{"x":-26.297813415527345,"y":0.32530972361564639,"z":20.663711547851564},"rotation":{"x":0.14030936360359193,"y":0.1882902830839157,"z":-0.027190929278731347,"w":0.9716649055480957},"size":7.071067810058594,"orthographic":false}