{"cameraMode":{"drawMode":0,"name":"Shaded","section":"Shading Mode"},"sceneLighting":false,"audioPlay":false,"sceneViewState":{"m_AlwaysRefresh":false,"showFog":true,"showSkybox":false,"showFlares":true,"showImageEffects":true,"showParticleSystems":true,"showVisualEffectGraphs":true,"m_FxEnabled":true},"in2DMode":false,"pivot":{"x":-14.78482437133789,"y":14.827251434326172,"z":9.623878479003907},"rotation":{"x":0.17666500806808473,"y":-0.05812569707632065,"z":0.010450170375406742,"w":0.9825032353401184},"size":9.998902320861817,"orthographic":false}