{"cameraMode":{"drawMode":0,"name":"Shaded","section":"Shading Mode"},"sceneLighting":false,"audioPlay":false,"sceneViewState":{"m_AlwaysRefresh":false,"showFog":true,"showSkybox":false,"showFlares":true,"showImageEffects":true,"showParticleSystems":true,"showVisualEffectGraphs":true,"m_FxEnabled":true},"in2DMode":false,"pivot":{"x":-0.32168981432914736,"y":0.13149935007095338,"z":-0.2155773937702179},"rotation":{"x":0.052505504339933398,"y":0.8226174712181091,"z":-0.0769658163189888,"w":0.5610148906707764},"size":0.13741658627986909,"orthographic":false}